{"train/loss": 0.7702, "train/learning_rate": 6.000000000000001e-07, "train/epoch": 0.09, "train/global_step": 15, "_timestamp": 1692296671.5015821, "_runtime": 75.10759806632996, "_step": 0, "_wandb": {"runtime": 140}}